month,mortgage_rate,unemployment,hpi,hpi_yoy
1948-01-01,,3.4,,
1948-02-01,,3.8,,
1948-03-01,,4.0,,
1948-04-01,,3.9,,
1948-05-01,,3.5,,
1948-06-01,,3.6,,
1948-07-01,,3.6,,
1948-08-01,,3.9,,
1948-09-01,,3.8,,
1948-10-01,,3.7,,
1948-11-01,,3.8,,
1948-12-01,,4.0,,
1949-01-01,,4.3,,
1949-02-01,,4.7,,
1949-03-01,,5.0,,
1949-04-01,,5.3,,
1949-05-01,,6.1,,
1949-06-01,,6.2,,
1949-07-01,,6.7,,
1949-08-01,,6.8,,
1949-09-01,,6.6,,
1949-10-01,,7.9,,
1949-11-01,,6.4,,
1949-12-01,,6.6,,
1950-01-01,,6.5,,
1950-02-01,,6.4,,
1950-03-01,,6.3,,
1950-04-01,,5.8,,
1950-05-01,,5.5,,
1950-06-01,,5.4,,
1950-07-01,,5.0,,
1950-08-01,,4.5,,
1950-09-01,,4.4,,
1950-10-01,,4.2,,
1950-11-01,,4.2,,
1950-12-01,,4.3,,
1951-01-01,,3.7,,
1951-02-01,,3.4,,
1951-03-01,,3.4,,
1951-04-01,,3.1,,
1951-05-01,,3.0,,
1951-06-01,,3.2,,
1951-07-01,,3.1,,
1951-08-01,,3.1,,
1951-09-01,,3.3,,
1951-10-01,,3.5,,
1951-11-01,,3.5,,
1951-12-01,,3.1,,
1952-01-01,,3.2,,
1952-02-01,,3.1,,
1952-03-01,,2.9,,
1952-04-01,,2.9,,
1952-05-01,,3.0,,
1952-06-01,,3.0,,
1952-07-01,,3.2,,
1952-08-01,,3.4,,
1952-09-01,,3.1,,
1952-10-01,,3.0,,
1952-11-01,,2.8,,
1952-12-01,,2.7,,
1953-01-01,,2.9,,
1953-02-01,,2.6,,
1953-03-01,,2.6,,
1953-04-01,,2.7,,
1953-05-01,,2.5,,
1953-06-01,,2.5,,
1953-07-01,,2.6,,
1953-08-01,,2.7,,
1953-09-01,,2.9,,
1953-10-01,,3.1,,
1953-11-01,,3.5,,
1953-12-01,,4.5,,
1954-01-01,,4.9,,
1954-02-01,,5.2,,
1954-03-01,,5.7,,
1954-04-01,,5.9,,
1954-05-01,,5.9,,
1954-06-01,,5.6,,
1954-07-01,,5.8,,
1954-08-01,,6.0,,
1954-09-01,,6.1,,
1954-10-01,,5.7,,
1954-11-01,,5.3,,
1954-12-01,,5.0,,
1955-01-01,,4.9,,
1955-02-01,,4.7,,
1955-03-01,,4.6,,
1955-04-01,,4.7,,
1955-05-01,,4.3,,
1955-06-01,,4.2,,
1955-07-01,,4.0,,
1955-08-01,,4.2,,
1955-09-01,,4.1,,
1955-10-01,,4.3,,
1955-11-01,,4.2,,
1955-12-01,,4.2,,
1956-01-01,,4.0,,
1956-02-01,,3.9,,
1956-03-01,,4.2,,
1956-04-01,,4.0,,
1956-05-01,,4.3,,
1956-06-01,,4.3,,
1956-07-01,,4.4,,
1956-08-01,,4.1,,
1956-09-01,,3.9,,
1956-10-01,,3.9,,
1956-11-01,,4.3,,
1956-12-01,,4.2,,
1957-01-01,,4.2,,
1957-02-01,,3.9,,
1957-03-01,,3.7,,
1957-04-01,,3.9,,
1957-05-01,,4.1,,
1957-06-01,,4.3,,
1957-07-01,,4.2,,
1957-08-01,,4.1,,
1957-09-01,,4.4,,
1957-10-01,,4.5,,
1957-11-01,,5.1,,
1957-12-01,,5.2,,
1958-01-01,,5.8,,
1958-02-01,,6.4,,
1958-03-01,,6.7,,
1958-04-01,,7.4,,
1958-05-01,,7.4,,
1958-06-01,,7.3,,
1958-07-01,,7.5,,
1958-08-01,,7.4,,
1958-09-01,,7.1,,
1958-10-01,,6.7,,
1958-11-01,,6.2,,
1958-12-01,,6.2,,
1959-01-01,,6.0,,
1959-02-01,,5.9,,
1959-03-01,,5.6,,
1959-04-01,,5.2,,
1959-05-01,,5.1,,
1959-06-01,,5.0,,
1959-07-01,,5.1,,
1959-08-01,,5.2,,
1959-09-01,,5.5,,
1959-10-01,,5.7,,
1959-11-01,,5.8,,
1959-12-01,,5.3,,
1960-01-01,,5.2,,
1960-02-01,,4.8,,
1960-03-01,,5.4,,
1960-04-01,,5.2,,
1960-05-01,,5.1,,
1960-06-01,,5.4,,
1960-07-01,,5.5,,
1960-08-01,,5.6,,
1960-09-01,,5.5,,
1960-10-01,,6.1,,
1960-11-01,,6.1,,
1960-12-01,,6.6,,
1961-01-01,,6.6,,
1961-02-01,,6.9,,
1961-03-01,,6.9,,
1961-04-01,,7.0,,
1961-05-01,,7.1,,
1961-06-01,,6.9,,
1961-07-01,,7.0,,
1961-08-01,,6.6,,
1961-09-01,,6.7,,
1961-10-01,,6.5,,
1961-11-01,,6.1,,
1961-12-01,,6.0,,
1962-01-01,,5.8,,
1962-02-01,,5.5,,
1962-03-01,,5.6,,
1962-04-01,,5.6,,
1962-05-01,,5.5,,
1962-06-01,,5.5,,
1962-07-01,,5.4,,
1962-08-01,,5.7,,
1962-09-01,,5.6,,
1962-10-01,,5.4,,
1962-11-01,,5.7,,
1962-12-01,,5.5,,
1963-01-01,,5.7,,
1963-02-01,,5.9,,
1963-03-01,,5.7,,
1963-04-01,,5.7,,
1963-05-01,,5.9,,
1963-06-01,,5.6,,
1963-07-01,,5.6,,
1963-08-01,,5.4,,
1963-09-01,,5.5,,
1963-10-01,,5.5,,
1963-11-01,,5.7,,
1963-12-01,,5.5,,
1964-01-01,,5.6,,
1964-02-01,,5.4,,
1964-03-01,,5.4,,
1964-04-01,,5.3,,
1964-05-01,,5.1,,
1964-06-01,,5.2,,
1964-07-01,,4.9,,
1964-08-01,,5.0,,
1964-09-01,,5.1,,
1964-10-01,,5.1,,
1964-11-01,,4.8,,
1964-12-01,,5.0,,
1965-01-01,,4.9,,
1965-02-01,,5.1,,
1965-03-01,,4.7,,
1965-04-01,,4.8,,
1965-05-01,,4.6,,
1965-06-01,,4.6,,
1965-07-01,,4.4,,
1965-08-01,,4.4,,
1965-09-01,,4.3,,
1965-10-01,,4.2,,
1965-11-01,,4.1,,
1965-12-01,,4.0,,
1966-01-01,,4.0,,
1966-02-01,,3.8,,
1966-03-01,,3.8,,
1966-04-01,,3.8,,
1966-05-01,,3.9,,
1966-06-01,,3.8,,
1966-07-01,,3.8,,
1966-08-01,,3.8,,
1966-09-01,,3.7,,
1966-10-01,,3.7,,
1966-11-01,,3.6,,
1966-12-01,,3.8,,
1967-01-01,,3.9,,
1967-02-01,,3.8,,
1967-03-01,,3.8,,
1967-04-01,,3.8,,
1967-05-01,,3.8,,
1967-06-01,,3.9,,
1967-07-01,,3.8,,
1967-08-01,,3.8,,
1967-09-01,,3.8,,
1967-10-01,,4.0,,
1967-11-01,,3.9,,
1967-12-01,,3.8,,
1968-01-01,,3.7,,
1968-02-01,,3.8,,
1968-03-01,,3.7,,
1968-04-01,,3.5,,
1968-05-01,,3.5,,
1968-06-01,,3.7,,
1968-07-01,,3.7,,
1968-08-01,,3.5,,
1968-09-01,,3.4,,
1968-10-01,,3.4,,
1968-11-01,,3.4,,
1968-12-01,,3.4,,
1969-01-01,,3.4,,
1969-02-01,,3.4,,
1969-03-01,,3.4,,
1969-04-01,,3.4,,
1969-05-01,,3.4,,
1969-06-01,,3.5,,
1969-07-01,,3.5,,
1969-08-01,,3.5,,
1969-09-01,,3.7,,
1969-10-01,,3.7,,
1969-11-01,,3.5,,
1969-12-01,,3.5,,
1970-01-01,,3.9,,
1970-02-01,,4.2,,
1970-03-01,,4.4,,
1970-04-01,,4.6,,
1970-05-01,,4.8,,
1970-06-01,,4.9,,
1970-07-01,,5.0,,
1970-08-01,,5.1,,
1970-09-01,,5.4,,
1970-10-01,,5.5,,
1970-11-01,,5.9,,
1970-12-01,,6.1,,
1971-01-01,,5.9,,
1971-02-01,,5.9,,
1971-03-01,,6.0,,
1971-04-01,7.31,5.9,,
1971-05-01,7.425,5.9,,
1971-06-01,7.529999999999999,5.9,,
1971-07-01,7.604000000000001,6.0,,
1971-08-01,7.6975,6.1,,
1971-09-01,7.6875,6.0,,
1971-10-01,7.628,5.8,,
1971-11-01,7.55,6.0,,
1971-12-01,7.4799999999999995,6.0,,
1972-01-01,7.4375,5.8,,
1972-02-01,7.324999999999999,5.7,,
1972-03-01,7.298,5.8,,
1972-04-01,7.29,5.7,,
1972-05-01,7.3725000000000005,5.7,,
1972-06-01,7.372,5.7,,
1972-07-01,7.3950000000000005,5.6,,
1972-08-01,7.4,5.6,,
1972-09-01,7.42,5.5,,
1972-10-01,7.42,5.6,,
1972-11-01,7.4275,5.3,,
1972-12-01,7.442,5.2,,
1973-01-01,7.4375,4.9,,
1973-02-01,7.4399999999999995,5.0,,
1973-03-01,7.458,4.9,,
1973-04-01,7.5424999999999995,5.0,,
1973-05-01,7.6525,4.9,,
1973-06-01,7.734,4.9,,
1973-07-01,8.05,4.8,,
1973-08-01,8.496,4.8,,
1973-09-01,8.815,4.8,,
1973-10-01,8.77,4.6,,
1973-11-01,8.581999999999999,4.8,,
1973-12-01,8.5375,4.9,,
1974-01-01,8.54,5.1,,
1974-02-01,8.455,5.2,,
1974-03-01,8.406,5.1,,
1974-04-01,8.5825,5.1,,
1974-05-01,8.972,5.1,,
1974-06-01,9.085,5.4,,
1974-07-01,9.28,5.5,,
1974-08-01,9.586,5.5,,
1974-09-01,9.9575,5.9,,
1974-10-01,9.9775,6.0,,
1974-11-01,9.788,6.6,,
1974-12-01,9.615,7.2,,
1975-01-01,9.431999999999999,8.1,60.04,
1975-02-01,9.105,8.1,60.04,
1975-03-01,8.9025,8.6,60.04,
1975-04-01,8.82,8.8,60.98,
1975-05-01,8.906,9.0,60.98,
1975-06-01,8.8925,8.8,60.98,
1975-07-01,8.89,8.6,61.3,
1975-08-01,8.942,8.4,61.3,
1975-09-01,9.13,8.4,61.3,
1975-10-01,9.224,8.4,62.31,
1975-11-01,9.145,8.3,62.31,
1975-12-01,9.0975,8.2,62.31,
1976-01-01,9.016,7.9,62.95,4.84676882078614
1976-02-01,8.8125,7.7,62.95,4.84676882078614
1976-03-01,8.754999999999999,7.6,62.95,4.84676882078614
1976-04-01,8.73,7.7,65.48,7.3794686782551855
1976-05-01,8.765,7.4,65.48,7.3794686782551855
1976-06-01,8.8475,7.6,65.48,7.3794686782551855
1976-07-01,8.934000000000001,7.8,66.58,8.613376835236553
1976-08-01,9.0,7.8,66.58,8.613376835236553
1976-09-01,8.977500000000001,7.6,66.58,8.613376835236553
1976-10-01,8.93,7.7,67.28,7.976247793291602
1976-11-01,8.8125,7.8,67.28,7.976247793291602
1976-12-01,8.792,7.8,67.28,7.976247793291602
1977-01-01,8.7225,7.5,69.49,10.389197776012704
1977-02-01,8.67,7.6,69.49,10.389197776012704
1977-03-01,8.6875,7.4,69.49,10.389197776012704
1977-04-01,8.751999999999999,7.2,72.67,10.980452046426393
1977-05-01,8.8275,7.0,72.67,10.980452046426393
1977-06-01,8.8575,7.2,72.67,10.980452046426393
1977-07-01,8.941999999999998,6.9,74.36,11.685190747972364
1977-08-01,8.94,7.0,74.36,11.685190747972364
1977-09-01,8.896,6.8,74.36,11.685190747972364
1977-10-01,8.9225,6.8,77.19,14.729488703923899
1977-11-01,8.9225,6.8,77.19,14.729488703923899
1977-12-01,8.959999999999999,6.4,77.19,14.729488703923899
1978-01-01,9.015,6.4,79.47,14.361778673190395
1978-02-01,9.145,6.3,79.47,14.361778673190395
1978-03-01,9.202000000000002,6.3,79.47,14.361778673190395
1978-04-01,9.355,6.1,82.61,13.67827163891564
1978-05-01,9.5725,6.0,82.61,13.67827163891564
1978-06-01,9.708,5.9,82.61,13.67827163891564
1978-07-01,9.74,6.2,85.1,14.443249058633679
1978-08-01,9.785,5.9,85.1,14.443249058633679
1978-09-01,9.756,6.0,85.1,14.443249058633679
1978-10-01,9.8575,5.8,87.46,13.304832232154418
1978-11-01,10.1075,5.9,87.46,13.304832232154418
1978-12-01,10.346,6.0,87.46,13.304832232154418
1979-01-01,10.39,5.9,91.36,14.961620737385184
1979-02-01,10.4075,5.9,91.36,14.961620737385184
1979-03-01,10.425999999999998,5.8,91.36,14.961620737385184
1979-04-01,10.4975,5.8,94.43,14.308195133761048
1979-05-01,10.69,5.6,94.43,14.308195133761048
1979-06-01,11.036,5.7,94.43,14.308195133761048
1979-07-01,11.092500000000001,5.7,96.46,13.349001175088127
1979-08-01,11.094,6.0,96.46,13.349001175088127
1979-09-01,11.3,5.9,96.46,13.349001175088127
1979-10-01,11.6375,6.0,98.26,12.348502172421693
1979-11-01,12.830000000000002,5.9,98.26,12.348502172421693
1979-12-01,12.9,6.0,98.26,12.348502172421693
1980-01-01,12.8775,6.3,100.0,9.45709281961471
1980-02-01,13.040000000000001,6.3,100.0,9.45709281961471
1980-03-01,15.2825,6.3,100.0,9.45709281961471
1980-04-01,16.325000000000003,6.9,101.64,7.6352853965900636
1980-05-01,14.262,7.5,101.64,7.6352853965900636
1980-06-01,12.71,7.6,101.64,7.6352853965900636
1980-07-01,12.192499999999999,7.8,104.4,8.231391250259179
1980-08-01,12.559999999999999,7.7,104.4,8.231391250259179
1980-09-01,13.1975,7.5,104.4,8.231391250259179
1980-10-01,13.791999999999998,7.5,104.55,6.401384083044981
1980-11-01,14.205,7.5,104.55,6.401384083044981
1980-12-01,14.79,7.2,104.55,6.401384083044981
1981-01-01,14.904,7.5,105.06,5.059999999999998
1981-02-01,15.1325,7.4,105.06,5.059999999999998
1981-03-01,15.4,7.4,105.06,5.059999999999998
1981-04-01,15.58,7.2,107.27,5.539157811885076
1981-05-01,16.402,7.5,107.27,5.539157811885076
1981-06-01,16.695,7.5,107.27,5.539157811885076
1981-07-01,16.832,7.2,108.85,4.262452107279691
1981-08-01,17.285,7.4,108.85,4.262452107279691
1981-09-01,18.16,7.6,108.85,4.262452107279691
1981-10-01,18.454,7.9,107.49,2.81205164992826
1981-11-01,17.825,8.3,107.49,2.81205164992826
1981-12-01,16.945999999999998,8.5,107.49,2.81205164992826
1982-01-01,17.485,8.6,106.11,0.9994288977726917
1982-02-01,17.5975,8.9,106.11,0.9994288977726917
1982-03-01,17.16,9.0,106.11,0.9994288977726917
1982-04-01,16.892,9.3,108.63,1.267828843106189
1982-05-01,16.677500000000002,9.4,108.63,1.267828843106189
1982-06-01,16.697499999999998,9.6,108.63,1.267828843106189
1982-07-01,16.816,9.8,106.85,-1.837390904915026
1982-08-01,16.27,9.8,106.85,-1.837390904915026
1982-09-01,15.43,10.1,106.85,-1.837390904915026
1982-10-01,14.608,10.4,111.56,3.7863987347660277
1982-11-01,13.825,10.8,111.56,3.7863987347660277
1982-12-01,13.624,10.8,111.56,3.7863987347660277
1983-01-01,13.2475,10.4,114.36,7.7749505230421345
1983-02-01,13.0425,10.4,114.36,7.7749505230421345
1983-03-01,12.8,10.3,114.36,7.7749505230421345
1983-04-01,12.782,10.2,115.82,6.6187977538433085
1983-05-01,12.6325,10.1,115.82,6.6187977538433085
1983-06-01,12.870000000000001,10.1,115.82,6.6187977538433085
1983-07-01,13.422,9.4,116.83,9.340196537201685
1983-08-01,13.81,9.5,116.83,9.340196537201685
1983-09-01,13.725999999999999,9.2,116.83,9.340196537201685
1983-10-01,13.535,8.8,117.55,5.36930799569737
1983-11-01,13.435,8.5,117.55,5.36930799569737
1983-12-01,13.419999999999998,8.3,117.55,5.36930799569737
1984-01-01,13.3675,8.0,119.32,4.337180832458887
1984-02-01,13.2325,7.8,119.32,4.337180832458887
1984-03-01,13.386000000000001,7.8,119.32,4.337180832458887
1984-04-01,13.6525,7.7,120.93,4.412018649628746
1984-05-01,13.942499999999999,7.4,120.93,4.412018649628746
1984-06-01,14.416,7.2,120.93,4.412018649628746
1984-07-01,14.6675,7.5,122.05,4.468030471625428
1984-08-01,14.469999999999999,7.5,122.05,4.468030471625428
1984-09-01,14.35,7.3,122.05,4.468030471625428
1984-10-01,14.129999999999999,7.4,123.05,4.678860059549139
1984-11-01,13.638,7.2,123.05,4.678860059549139
1984-12-01,13.18,7.3,123.05,4.678860059549139
1985-01-01,13.075,7.3,124.76,4.559168622192433
1985-02-01,12.92,7.2,124.76,4.559168622192433
1985-03-01,13.169999999999998,7.2,124.76,4.559168622192433
1985-04-01,13.195,7.3,126.66,4.73827834284295
1985-05-01,12.913999999999998,7.2,126.66,4.73827834284295
1985-06-01,12.215,7.4,126.66,4.73827834284295
1985-07-01,12.032499999999999,7.4,128.63,5.391233101188031
1985-08-01,12.186,7.1,128.63,5.391233101188031
1985-09-01,12.1925,7.1,128.63,5.391233101188031
1985-10-01,12.135,7.1,130.08,5.713124746038201
1985-11-01,11.784,7.0,130.08,5.713124746038201
1985-12-01,11.26,7.0,130.08,5.713124746038201
1986-01-01,10.886,6.7,132.59,6.276050016030776
1986-02-01,10.71,7.2,132.59,6.276050016030776
1986-03-01,10.08,7.2,132.59,6.276050016030776
1986-04-01,9.9375,7.1,135.38,6.884572872256434
1986-05-01,10.144,7.2,135.38,6.884572872256434
1986-06-01,10.6825,7.2,135.38,6.884572872256434
1986-07-01,10.5075,7.0,137.45,6.856876311902349
1986-08-01,10.2,6.9,137.45,6.856876311902349
1986-09-01,10.0075,7.0,137.45,6.856876311902349
1986-10-01,9.974,7.0,139.57,7.295510455104526
1986-11-01,9.695,6.9,139.57,7.295510455104526
1986-12-01,9.31,6.6,139.57,7.295510455104526
1987-01-01,9.203999999999999,6.6,142.33,7.3459536918319746
1987-02-01,9.0825,6.6,142.33,7.3459536918319746
1987-03-01,9.035,6.6,142.33,7.3459536918319746
1987-04-01,9.8325,6.3,144.55,6.7735263702171755
1987-05-01,10.596,6.3,144.55,6.7735263702171755
1987-06-01,10.5375,6.2,144.55,6.7735263702171755
1987-07-01,10.278,6.1,146.22,6.38050200072755
1987-08-01,10.33,6.0,146.22,6.38050200072755
1987-09-01,10.8875,5.9,146.22,6.38050200072755
1987-10-01,11.26,6.0,147.16,5.438131403596769
1987-11-01,10.65,5.8,147.16,5.438131403596769
1987-12-01,10.64,5.7,147.16,5.438131403596769
1988-01-01,10.3825,5.7,149.45,5.002459073982979
1988-02-01,9.8925,5.7,149.45,5.002459073982979
1988-03-01,9.93,5.7,149.45,5.002459073982979
1988-04-01,10.202,5.4,152.45,5.465236942234508
1988-05-01,10.455,5.6,152.45,5.465236942234508
1988-06-01,10.46,5.4,152.45,5.465236942234508
1988-07-01,10.432,5.4,154.03,5.341266584598547
1988-08-01,10.5975,5.6,154.03,5.341266584598547
1988-09-01,10.48,5.4,154.03,5.341266584598547
1988-10-01,10.3025,5.4,155.43,5.619733623267198
1988-11-01,10.265,5.3,155.43,5.619733623267198
1988-12-01,10.612,5.3,155.43,5.619733623267198
1989-01-01,10.73,5.4,157.29,5.245901639344264
1989-02-01,10.645,5.2,157.29,5.245901639344264
1989-03-01,11.032,5.0,157.29,5.245901639344264
1989-04-01,11.05,5.2,159.41,4.565431288947197
1989-05-01,10.7725,5.2,159.41,4.565431288947197
1989-06-01,10.196,5.3,159.41,4.565431288947197
1989-07-01,9.8825,5.2,162.81,5.700188275011353
1989-08-01,9.985,5.2,162.81,5.700188275011353
1989-09-01,10.126000000000001,5.3,162.81,5.700188275011353
1989-10-01,9.9475,5.3,164.15,5.61024255291771
1989-11-01,9.7675,5.4,164.15,5.61024255291771
1989-12-01,9.744,5.4,164.15,5.61024255291771
1990-01-01,9.895,5.4,165.08,4.952635259711369
1990-02-01,10.1975,5.3,165.08,4.952635259711369
1990-03-01,10.268,5.2,165.08,4.952635259711369
1990-04-01,10.370000000000001,5.4,165.78,3.9959851954080694
1990-05-01,10.4775,5.4,165.78,3.9959851954080694
1990-06-01,10.164,5.2,165.78,3.9959851954080694
1990-07-01,10.035,5.5,166.79,2.4445672870216706
1990-08-01,10.1,5.7,166.79,2.4445672870216706
1990-09-01,10.175,5.9,166.79,2.4445672870216706
1990-10-01,10.1775,5.9,166.14,1.2123058178495238
1990-11-01,10.014,6.2,166.14,1.2123058178495238
1990-12-01,9.6725,6.3,166.14,1.2123058178495238
1991-01-01,9.6375,6.4,167.53,1.4841289071965136
1991-02-01,9.365,6.6,167.53,1.4841289071965136
1991-03-01,9.5,6.8,167.53,1.4841289071965136
1991-04-01,9.4925,6.7,168.64,1.725177946676304
1991-05-01,9.472,6.9,168.64,1.725177946676304
1991-06-01,9.615,6.9,168.64,1.725177946676304
1991-07-01,9.575,6.8,168.97,1.3070327957311667
1991-08-01,9.244,6.9,168.97,1.3070327957311667
1991-09-01,9.0075,6.9,168.97,1.3070327957311667
1991-10-01,8.855,7.0,171.32,3.1178524136270758
1991-11-01,8.712,7.0,171.32,3.1178524136270758
1991-12-01,8.497499999999999,7.3,171.32,3.1178524136270758
1992-01-01,8.431999999999999,7.3,172.65,3.0561690443502654
1992-02-01,8.7625,7.4,172.65,3.0561690443502654
1992-03-01,8.935,7.4,172.65,3.0561690443502654
1992-04-01,8.8525,7.4,172.6,2.3481973434535064
1992-05-01,8.672,7.6,172.6,2.3481973434535064
1992-06-01,8.51,7.8,172.6,2.3481973434535064
1992-07-01,8.128,7.7,174.58,3.3201159969225458
1992-08-01,7.975,7.6,174.58,3.3201159969225458
1992-09-01,7.922499999999999,7.6,174.58,3.3201159969225458
1992-10-01,8.088,7.3,175.45,2.4106934391781465
1992-11-01,8.305,7.4,175.45,2.4106934391781465
1992-12-01,8.206,7.4,175.45,2.4106934391781465
1993-01-01,7.9925,7.3,175.52,1.6623226180133344
1993-02-01,7.6825,7.1,175.52,1.6623226180133344
1993-03-01,7.495,7.0,175.52,1.6623226180133344
1993-04-01,7.4719999999999995,7.1,177.21,2.6709154113557343
1993-05-01,7.465,7.1,177.21,2.6709154113557343
1993-06-01,7.4175,7.0,177.21,2.6709154113557343
1993-07-01,7.206,6.9,178.65,2.3313094283422986
1993-08-01,7.1125,6.8,178.65,2.3313094283422986
1993-09-01,6.915,6.7,178.65,2.3313094283422986
1993-10-01,6.8340000000000005,6.8,180.11,2.656027358221724
1993-11-01,7.155,6.6,180.11,2.656027358221724
1993-12-01,7.172,6.5,180.11,2.656027358221724
1994-01-01,7.0600000000000005,6.6,181.23,3.253190519598892
1994-02-01,7.1525,6.6,181.23,3.253190519598892
1994-03-01,7.675,6.5,181.23,3.253190519598892
1994-04-01,8.315999999999999,6.4,182.3,2.8722984030246534
1994-05-01,8.5975,6.1,182.3,2.8722984030246534
1994-06-01,8.3975,6.1,182.3,2.8722984030246534
1994-07-01,8.614,6.1,183.06,2.468513853904275
1994-08-01,8.5125,6.0,183.06,2.468513853904275
1994-09-01,8.64,5.9,183.06,2.468513853904275
1994-10-01,8.925,5.8,182.89,1.5435011937149357
1994-11-01,9.17,5.6,182.89,1.5435011937149357
1994-12-01,9.198,5.5,182.89,1.5435011937149357
1995-01-01,9.1475,5.6,183.85,1.4456767643326263
1995-02-01,8.8275,5.4,183.85,1.4456767643326263
1995-03-01,8.462,5.4,183.85,1.4456767643326263
1995-04-01,8.32,5.8,186.88,2.5123422929237416
1995-05-01,7.955,5.6,186.88,2.5123422929237416
1995-06-01,7.566,5.6,186.88,2.5123422929237416
1995-07-01,7.6075,5.7,189.75,3.6545394952474552
1995-08-01,7.86,5.7,189.75,3.6545394952474552
1995-09-01,7.636,5.6,189.75,3.6545394952474552
1995-10-01,7.475,5.5,191.23,4.560118103778232
1995-11-01,7.3774999999999995,5.6,191.23,4.560118103778232
1995-12-01,7.2,5.6,191.23,4.560118103778232
1996-01-01,7.029999999999999,5.6,193.36,5.172695131901017
1996-02-01,7.075,5.5,193.36,5.172695131901017
1996-03-01,7.624,5.5,193.36,5.172695131901017
1996-04-01,7.925000000000001,5.6,193.67,3.6333476027397227
1996-05-01,8.07,5.6,193.67,3.6333476027397227
1996-06-01,8.32,5.3,193.67,3.6333476027397227
1996-07-01,8.245000000000001,5.5,194.54,2.5243741765480943
1996-08-01,8.001999999999999,5.1,194.54,2.5243741765480943
1996-09-01,8.23,5.2,194.54,2.5243741765480943
1996-10-01,7.915,5.2,196.05,2.520525022224551
1996-11-01,7.618,5.4,196.05,2.520525022224551
1996-12-01,7.5975,5.4,196.05,2.520525022224551
1997-01-01,7.824,5.3,197.67,2.2290028961522435
1997-02-01,7.65,5.2,197.67,2.2290028961522435
1997-03-01,7.8975,5.2,197.67,2.2290028961522435
1997-04-01,8.1425,5.1,199.31,2.912170186399554
1997-05-01,7.944,4.9,199.31,2.912170186399554
1997-06-01,7.6899999999999995,5.0,199.31,2.912170186399554
1997-07-01,7.4975,4.9,202.02,3.844967615914485
1997-08-01,7.4799999999999995,4.8,202.02,3.844967615914485
1997-09-01,7.43,4.9,202.02,3.844967615914485
1997-10-01,7.294,4.7,204.65,4.386636062229021
1997-11-01,7.205,4.6,204.65,4.386636062229021
1997-12-01,7.095000000000001,4.7,204.65,4.386636062229021
1998-01-01,6.994,4.6,207.73,5.0892902311934
1998-02-01,7.0425,4.6,207.73,5.0892902311934
1998-03-01,7.1275,4.7,207.73,5.0892902311934
1998-04-01,7.140000000000001,4.3,209.56,5.142742461492156
1998-05-01,7.144,4.4,209.56,5.142742461492156
1998-06-01,6.9975000000000005,4.5,209.56,5.142742461492156
1998-07-01,6.952,4.5,212.5,5.187605187605193
1998-08-01,6.9225,4.5,212.5,5.187605187605193
1998-09-01,6.7225,4.6,212.5,5.187605187605193
1998-10-01,6.709999999999999,4.5,215.02,5.067187881749335
1998-11-01,6.865,4.4,215.02,5.067187881749335
1998-12-01,6.7379999999999995,4.4,215.02,5.067187881749335
1999-01-01,6.785,4.3,217.27,4.59249987965149
1999-02-01,6.8075,4.4,217.27,4.59249987965149
1999-03-01,7.04,4.2,217.27,4.59249987965149
1999-04-01,6.9159999999999995,4.3,220.16,5.058217217026151
1999-05-01,7.145,4.2,220.16,5.058217217026151
1999-06-01,7.55,4.3,220.16,5.058217217026151
1999-07-01,7.632,4.3,223.29,5.07764705882352
1999-08-01,7.9425,4.2,223.29,5.07764705882352
1999-09-01,7.8225,4.2,223.29,5.07764705882352
1999-10-01,7.851999999999999,4.1,225.58,4.9111710538554565
1999-11-01,7.7375,4.1,225.58,4.9111710538554565
1999-12-01,7.912000000000001,4.0,225.58,4.9111710538554565
2000-01-01,8.21,4.0,229.89,5.808441110139451
2000-02-01,8.325,4.1,229.89,5.808441110139451
2000-03-01,8.24,4.0,229.89,5.808441110139451
2000-04-01,8.1525,3.8,233.65,6.127361918604657
2000-05-01,8.515,4.0,233.65,6.127361918604657
2000-06-01,8.288,4.0,233.65,6.127361918604657
2000-07-01,8.1475,4.0,237.9,6.5430605938465725
2000-08-01,8.0275,4.1,237.9,6.5430605938465725
2000-09-01,7.912000000000001,3.9,237.9,6.5430605938465725
2000-10-01,7.795,3.9,241.54,7.075095309867896
2000-11-01,7.745,3.9,241.54,7.075095309867896
2000-12-01,7.382,3.9,241.54,7.075095309867896
2001-01-01,7.0325,4.2,247.53,7.673235025446967
2001-02-01,7.05,4.2,247.53,7.673235025446967
2001-03-01,6.952,4.3,247.53,7.673235025446967
2001-04-01,7.0775,4.4,251.68,7.716670233254863
2001-05-01,7.145,4.3,251.68,7.716670233254863
2001-06-01,7.159999999999999,4.5,251.68,7.716670233254863
2001-07-01,7.1275,4.6,255.57,7.42749054224463
2001-08-01,6.95,4.9,255.57,7.42749054224463
2001-09-01,6.8175,5.0,255.57,7.42749054224463
2001-10-01,6.6175,5.3,258.74,7.120973751759552
2001-11-01,6.6579999999999995,5.5,258.74,7.120973751759552
2001-12-01,7.0649999999999995,5.7,258.74,7.120973751759552
2002-01-01,6.9975,5.7,262.44,6.023512301539213
2002-02-01,6.8925,5.7,262.44,6.023512301539213
2002-03-01,7.014,5.7,262.44,6.023512301539213
2002-04-01,6.985,5.9,266.92,6.055308328035602
2002-05-01,6.806,5.8,266.92,6.055308328035602
2002-06-01,6.65,5.8,266.92,6.055308328035602
2002-07-01,6.485,5.8,272.21,6.510936338380868
2002-08-01,6.29,5.7,272.21,6.510936338380868
2002-09-01,6.0925,5.7,272.21,6.510936338380868
2002-10-01,6.1125,5.7,276.08,6.701708278580809
2002-11-01,6.068,5.9,276.08,6.701708278580809
2002-12-01,6.0475,6.0,276.08,6.701708278580809
2003-01-01,5.9159999999999995,5.8,279.44,6.47767108672459
2003-02-01,5.8425,5.9,279.44,6.47767108672459
2003-03-01,5.745,5.9,279.44,6.47767108672459
2003-04-01,5.8125,6.0,282.85,5.968080323692493
2003-05-01,5.484,6.1,282.85,5.968080323692493
2003-06-01,5.23,6.3,282.85,5.968080323692493
2003-07-01,5.6325,6.2,287.22,5.51412512398517
2003-08-01,6.264,6.1,287.22,5.51412512398517
2003-09-01,6.1475,6.1,287.22,5.51412512398517
2003-10-01,5.952,6.0,295.33,6.97261663286004
2003-11-01,5.9325,5.8,295.33,6.97261663286004
2003-12-01,5.8759999999999994,5.7,295.33,6.97261663286004
2004-01-01,5.7125,5.7,299.98,7.350415115946185
2004-02-01,5.635,5.6,299.98,7.350415115946185
2004-03-01,5.445,5.8,299.98,7.350415115946185
2004-04-01,5.83,5.6,307.31,8.647693123563727
2004-05-01,6.27,5.6,307.31,8.647693123563727
2004-06-01,6.2875,5.6,307.31,8.647693123563727
2004-07-01,6.056,5.5,319.01,11.068170740199147
2004-08-01,5.8675,5.4,319.01,11.068170740199147
2004-09-01,5.754,5.4,319.01,11.068170740199147
2004-10-01,5.7225,5.5,325.86,10.337588460366387
2004-11-01,5.73,5.4,325.86,10.337588460366387
2004-12-01,5.752,5.4,325.86,10.337588460366387
2005-01-01,5.71,5.3,333.34,11.120741382758826
2005-02-01,5.6275,5.4,333.34,11.120741382758826
2005-03-01,5.928,5.2,333.34,11.120741382758826
2005-04-01,5.855,5.2,344.03,11.948846441703797
2005-05-01,5.72,5.1,344.03,11.948846441703797
2005-06-01,5.582,5.0,344.03,11.948846441703797
2005-07-01,5.695,5.0,354.45,11.109369612237852
2005-08-01,5.82,4.9,354.45,11.109369612237852
2005-09-01,5.774,5.0,354.45,11.109369612237852
2005-10-01,6.065,5.0,362.49,11.241023752531753
2005-11-01,6.33,5.0,362.49,11.241023752531753
2005-12-01,6.272,4.9,362.49,11.241023752531753
2006-01-01,6.145,4.7,368.22,10.463790724185529
2006-02-01,6.2525,4.8,368.22,10.463790724185529
2006-03-01,6.324,4.7,368.22,10.463790724185529
2006-04-01,6.5075,4.7,372.01,8.133011655960232
2006-05-01,6.5975,4.6,372.01,8.133011655960232
2006-06-01,6.6819999999999995,4.6,372.01,8.133011655960232
2006-07-01,6.7625,4.7,375.06,5.814642403724091
2006-08-01,6.523999999999999,4.7,375.06,5.814642403724091
2006-09-01,6.4025,4.5,375.06,5.814642403724091
2006-10-01,6.3575,4.4,378.91,4.529780131865713
2006-11-01,6.24,4.5,378.91,4.529780131865713
2006-12-01,6.135,4.4,378.91,4.529780131865713
2007-01-01,6.2175,4.6,380.31,3.2833632067785556
2007-02-01,6.285,4.5,380.31,3.2833632067785556
2007-03-01,6.156000000000001,4.4,380.31,3.2833632067785556
2007-04-01,6.18,4.5,380.07,2.1666084245047124
2007-05-01,6.2620000000000005,4.4,380.07,2.1666084245047124
2007-06-01,6.657500000000001,4.6,380.07,2.1666084245047124
2007-07-01,6.695,4.7,375.82,0.20263424518742745
2007-08-01,6.572,4.6,375.82,0.20263424518742745
2007-09-01,6.3825,4.7,375.82,0.20263424518742745
2007-10-01,6.375,4.7,374.59,-1.1401124277533037
2007-11-01,6.208,4.7,374.59,-1.1401124277533037
2007-12-01,6.095,5.0,374.59,-1.1401124277533037
2008-01-01,5.758,5.0,371.83,-2.2297599326864925
2008-02-01,5.9175,4.9,371.83,-2.2297599326864925
2008-03-01,5.97,5.1,371.83,-2.2297599326864925
2008-04-01,5.9175,5.0,362.43,-4.6412502959981
2008-05-01,6.036,5.4,362.43,-4.6412502959981
2008-06-01,6.32,5.6,362.43,-4.6412502959981
2008-07-01,6.425999999999999,5.8,351.02,-6.598903730509287
2008-08-01,6.4775,6.1,351.02,-6.598903730509287
2008-09-01,6.0375,6.1,351.02,-6.598903730509287
2008-10-01,6.2,6.5,347.78,-7.157158493285998
2008-11-01,6.0875,6.8,347.78,-7.157158493285998
2008-12-01,5.286,7.3,347.78,-7.157158493285998
2009-01-01,5.047499999999999,7.8,350.34,-5.7795229002501225
2009-02-01,5.13,8.3,350.34,-5.7795229002501225
2009-03-01,5.0025,8.7,350.34,-5.7795229002501225
2009-04-01,4.8100000000000005,9.0,341.17,-5.8659603233727875
2009-05-01,4.8575,9.4,341.17,-5.8659603233727875
2009-06-01,5.42,9.5,341.17,-5.8659603233727875
2009-07-01,5.2219999999999995,9.5,332.27,-5.341575978576718
2009-08-01,5.1925,9.6,332.27,-5.341575978576718
2009-09-01,5.0575,9.8,332.27,-5.341575978576718
2009-10-01,4.952,10.0,329.73,-5.19006268330553
2009-11-01,4.875,9.9,329.73,-5.19006268330553
2009-12-01,4.93,9.9,329.73,-5.19006268330553
2010-01-01,5.03,9.8,325.8,-7.004624079465649
2010-02-01,4.99,9.8,325.8,-7.004624079465649
2010-03-01,4.9675,9.9,325.8,-7.004624079465649
2010-04-01,5.098000000000001,9.9,322.84,-5.372688102705403
2010-05-01,4.8875,9.6,322.84,-5.372688102705403
2010-06-01,4.7375,9.4,322.84,-5.372688102705403
2010-07-01,4.564,9.4,325.96,-1.899057995004061
2010-08-01,4.4275,9.5,325.96,-1.899057995004061
2010-09-01,4.346,9.5,325.96,-1.899057995004061
2010-10-01,4.225,9.4,323.64,-1.8469656992084582
2010-11-01,4.3,9.8,323.64,-1.8469656992084582
2010-12-01,4.714,9.3,323.64,-1.8469656992084582
2011-01-01,4.755,9.1,314.65,-3.4223449969306374
2011-02-01,4.9525,9.0,314.65,-3.4223449969306374
2011-03-01,4.836,9.0,314.65,-3.4223449969306374
2011-04-01,4.84,9.1,309.1,-4.255978193532384
2011-05-01,4.6375,9.0,309.1,-4.255978193532384
2011-06-01,4.51,9.1,309.1,-4.255978193532384
2011-07-01,4.545,9.0,311.4,-4.466805743035951
2011-08-01,4.27,9.0,311.4,-4.466805743035951
2011-09-01,4.106,9.0,311.4,-4.466805743035951
2011-10-01,4.0675,8.8,312.84,-3.3370411568409364
2011-11-01,3.9925,8.6,312.84,-3.3370411568409364
2011-12-01,3.9579999999999997,8.5,312.84,-3.3370411568409364
2012-01-01,3.915,8.3,309.55,-1.6208485618941615
2012-02-01,3.89,8.3,309.55,-1.6208485618941615
2012-03-01,3.9539999999999997,8.2,309.55,-1.6208485618941615
2012-04-01,3.91,8.2,308.14,-0.31057910061469407
2012-05-01,3.7979999999999996,8.2,308.14,-0.31057910061469407
2012-06-01,3.675,8.2,308.14,-0.31057910061469407
2012-07-01,3.55,8.2,312.23,0.2665382145150996
2012-08-01,3.6019999999999994,8.1,312.23,0.2665382145150996
2012-09-01,3.4975,7.8,312.23,0.2665382145150996
2012-10-01,3.3825000000000003,7.8,314.69,0.5913566040148366
2012-11-01,3.3519999999999994,7.7,314.69,0.5913566040148366
2012-12-01,3.3449999999999998,7.9,314.69,0.5913566040148366
2013-01-01,3.414,8.0,316.24,2.1612017444677667
2013-02-01,3.5324999999999998,7.7,316.24,2.1612017444677667
2013-03-01,3.565,7.5,316.24,2.1612017444677667
2013-04-01,3.4450000000000003,7.6,321.06,4.19289933147271
2013-05-01,3.536,7.5,321.06,4.19289933147271
2013-06-01,4.07,7.5,321.06,4.19289933147271
2013-07-01,4.37,7.3,325.59,4.278896966979451
2013-08-01,4.456,7.2,325.59,4.278896966979451
2013-09-01,4.49,7.2,325.59,4.278896966979451
2013-10-01,4.192,7.2,328.17,4.283580666687858
2013-11-01,4.255,6.9,328.17,4.283580666687858
2013-12-01,4.4575,6.7,328.17,4.283580666687858
2014-01-01,4.432,6.6,330.84,4.6167467746015545
2014-02-01,4.3025,6.7,330.84,4.6167467746015545
2014-03-01,4.3425,6.7,330.84,4.6167467746015545
2014-04-01,4.3375,6.2,337.26,5.045785834423477
2014-05-01,4.192,6.3,337.26,5.045785834423477
2014-06-01,4.1625,6.1,337.26,5.045785834423477
2014-07-01,4.13,6.2,342.1,5.070794557572422
2014-08-01,4.115,6.1,342.1,5.070794557572422
2014-09-01,4.1625,5.9,342.1,5.070794557572422
2014-10-01,4.036,5.7,344.88,5.0918731145442875
2014-11-01,3.9975,5.8,344.88,5.0918731145442875
2014-12-01,3.864,5.6,344.88,5.0918731145442875
2015-01-01,3.67,5.7,348.69,5.39535727239755
2015-02-01,3.71,5.5,348.69,5.39535727239755
2015-03-01,3.77,5.4,348.69,5.39535727239755
2015-04-01,3.6719999999999997,5.4,354.32,5.0584119077269785
2015-05-01,3.84,5.6,354.32,5.0584119077269785
2015-06-01,3.9825,5.3,354.32,5.0584119077269785
2015-07-01,4.046,5.2,359.33,5.036539023677267
2015-08-01,3.9050000000000002,5.1,359.33,5.036539023677267
2015-09-01,3.89,5.0,359.33,5.036539023677267
2015-10-01,3.7960000000000003,5.0,362.2,5.022036650429129
2015-11-01,3.9425,5.1,362.2,5.022036650429129
2015-12-01,3.964,5.0,362.2,5.022036650429129
2016-01-01,3.8725,4.8,365.54,4.832372594568257
2016-02-01,3.66,4.9,365.54,4.832372594568257
2016-03-01,3.694,5.0,365.54,4.832372594568257
2016-04-01,3.605,5.1,372.35,5.0886204560849135
2016-05-01,3.6,4.8,372.35,5.0886204560849135
2016-06-01,3.568,4.9,372.35,5.0886204560849135
2016-07-01,3.44,4.8,379.01,5.476859711129056
2016-08-01,3.435,4.9,379.01,5.476859711129056
2016-09-01,3.46,5.0,379.01,5.476859711129056
2016-10-01,3.47,4.9,381.92,5.444505797901722
2016-11-01,3.77,4.7,381.92,5.444505797901722
2016-12-01,4.198,4.7,381.92,5.444505797901722
2017-01-01,4.15,4.7,384.6,5.214203643924065
2017-02-01,4.1675,4.6,384.6,5.214203643924065
2017-03-01,4.196,4.4,384.6,5.214203643924065
2017-04-01,4.045,4.4,393.19,5.596884651537515
2017-05-01,4.01,4.4,393.19,5.596884651537515
2017-06-01,3.904,4.3,393.19,5.596884651537515
2017-07-01,3.9675000000000002,4.3,399.24,5.3375900372022
2017-08-01,3.88,4.4,399.24,5.3375900372022
2017-09-01,3.8049999999999997,4.3,399.24,5.3375900372022
2017-10-01,3.895,4.2,402.55,5.401654796816091
2017-11-01,3.9219999999999997,4.2,402.55,5.401654796816091
2017-12-01,3.95,4.1,402.55,5.401654796816091
2018-01-01,4.032500000000001,4.0,408.18,6.131045241809674
2018-02-01,4.33,4.1,408.18,6.131045241809674
2018-03-01,4.444,4.0,408.18,6.131045241809674
2018-04-01,4.4675,4.0,415.67,5.717337673898126
2018-05-01,4.586,3.8,415.67,5.717337673898126
2018-06-01,4.57,4.0,415.67,5.717337673898126
2018-07-01,4.5275,3.8,420.75,5.387736699729473
2018-08-01,4.55,3.8,420.75,5.387736699729473
2018-09-01,4.6274999999999995,3.7,420.75,5.387736699729473
2018-10-01,4.83,3.8,422.16,4.871444541050796
2018-11-01,4.866,3.8,422.16,4.871444541050796
2018-12-01,4.6375,3.9,422.16,4.871444541050796
2019-01-01,4.464,4.0,426.9,4.586211965309417
2019-02-01,4.37,3.8,426.9,4.586211965309417
2019-03-01,4.265,3.8,426.9,4.586211965309417
2019-04-01,4.1425,3.7,434.06,4.424182644886576
2019-05-01,4.072,3.6,434.06,4.424182644886576
2019-06-01,3.8024999999999998,3.6,434.06,4.424182644886576
2019-07-01,3.765,3.7,439.59,4.477718360071292
2019-08-01,3.6159999999999997,3.6,439.59,4.477718360071292
2019-09-01,3.605,3.5,439.59,4.477718360071292
2019-10-01,3.6879999999999997,3.6,443.49,5.052586696986916
2019-11-01,3.6950000000000003,3.6,443.49,5.052586696986916
2019-12-01,3.72,3.6,443.49,5.052586696986916
2020-01-01,3.624,3.6,448.64,5.092527524010304
2020-02-01,3.4650000000000003,3.5,448.64,5.092527524010304
2020-03-01,3.45,4.4,448.64,5.092527524010304
2020-04-01,3.306,14.8,453.17,4.402617149702803
2020-05-01,3.2325,13.2,453.17,4.402617149702803
2020-06-01,3.1625,11.0,453.17,4.402617149702803
2020-07-01,3.016,10.2,461.18,4.911394708705852
2020-08-01,2.935,8.4,461.18,4.911394708705852
2020-09-01,2.89,7.8,461.18,4.911394708705852
2020-10-01,2.834,6.9,471.28,6.266206678842812
2020-11-01,2.765,6.7,471.28,6.266206678842812
2020-12-01,2.684,6.7,471.28,6.266206678842812
2021-01-01,2.735,6.4,482.7,7.591833095577738
2021-02-01,2.81,6.2,482.7,7.591833095577738
2021-03-01,3.0825,6.1,482.7,7.591833095577738
2021-04-01,3.06,6.1,509.5,12.430213827040614
2021-05-01,2.9625,5.8,509.5,12.430213827040614
2021-06-01,2.975,5.9,509.5,12.430213827040614
2021-07-01,2.868,5.4,537.83,16.62040851728177
2021-08-01,2.8425000000000002,5.1,537.83,16.62040851728177
2021-09-01,2.9,4.7,537.83,16.62040851728177
2021-10-01,3.0675,4.5,556.16,18.01052452894245
2021-11-01,3.0675,4.1,556.16,18.01052452894245
2021-12-01,3.098,3.9,556.16,18.01052452894245
2022-01-01,3.4450000000000003,4.0,576.39,19.409571162212558
2022-02-01,3.7625,3.9,576.39,19.409571162212558
2022-03-01,4.172,3.7,576.39,19.409571162212558
2022-04-01,4.9825,3.7,613.46,20.404317958783125
2022-05-01,5.2299999999999995,3.6,613.46,20.404317958783125
2022-06-01,5.522,3.6,613.46,20.404317958783125
2022-07-01,5.4125,3.5,622.86,15.809828384433743
2022-08-01,5.2225,3.6,622.86,15.809828384433743
2022-09-01,6.112,3.5,622.86,15.809828384433743
2022-10-01,6.9,3.6,616.15,10.786464326812428
2022-11-01,6.805,3.6,616.15,10.786464326812428
2022-12-01,6.364,3.5,616.15,10.786464326812428
2023-01-01,6.2725,3.5,619.69,7.512274675133179
2023-02-01,6.2575,3.6,619.69,7.512274675133179
2023-03-01,6.544,3.5,619.69,7.512274675133179
2023-04-01,6.342499999999999,3.4,637.85,3.9758093437224806
2023-05-01,6.425,3.6,637.85,3.9758093437224806
2023-06-01,6.714,3.6,637.85,3.9758093437224806
2023-07-01,6.84,3.5,648.28,4.081173939569083
2023-08-01,7.072,3.7,648.28,4.081173939569083
2023-09-01,7.2,3.7,648.28,4.081173939569083
2023-10-01,7.62,3.9,648.4,5.23411506938245
2023-11-01,7.442,3.7,648.4,5.23411506938245
2023-12-01,6.815,3.8,648.4,5.23411506938245
2024-01-01,6.6425,3.7,657.59,6.115961206409648
2024-02-01,6.776000000000001,3.9,657.59,6.115961206409648
2024-03-01,6.82,3.9,657.59,6.115961206409648
2024-04-01,6.9925,3.9,673.16,5.535784275299838
2024-05-01,7.06,3.9,673.16,5.535784275299838
2024-06-01,6.9175,4.1,673.16,5.535784275299838
2024-07-01,6.8475,4.2,679.81,4.863639168260625
2024-08-01,6.5,4.2,679.81,4.863639168260625
2024-09-01,6.18,4.1,679.81,4.863639168260625
2024-10-01,6.428,4.1,683.47,5.408698334361506
2024-11-01,6.805,4.2,683.47,5.408698334361506
2024-12-01,6.715,4.1,683.47,5.408698334361506
2025-01-01,6.958,4.0,688.42,4.688331635213427
2025-02-01,6.842499999999999,4.2,688.42,4.688331635213427
2025-03-01,6.65,4.2,688.42,4.688331635213427
2025-04-01,6.725,4.2,698.69,3.792560461108807
2025-05-01,6.816,4.3,698.69,3.792560461108807
2025-06-01,6.8175,4.1,698.69,3.792560461108807
2025-07-01,6.720000000000001,4.3,703.04,3.417131257263062
2025-08-01,6.5875,4.3,703.04,3.417131257263062
2025-09-01,6.3525,4.4,703.04,3.417131257263062
2025-10-01,6.254,4.4,707.22,3.474914773142923
2025-11-01,6.2375,4.5,707.22,3.474914773142923
2025-12-01,6.1899999999999995,4.4,707.22,3.474914773142923
2026-01-01,6.1025,4.3,712.2,3.45428662734959
2026-02-01,6.0475,4.4,712.2,3.45428662734959
2026-03-01,6.1775,4.3,712.2,3.45428662734959
2026-04-01,6.332,4.3,719.87,3.0313873105382916
2026-05-01,6.4425,4.3,719.87,3.0313873105382916
2026-06-01,6.49,4.2,719.87,3.0313873105382916
2026-07-01,6.542,4.1,719.87,2.3938893946290563
2026-08-01,6.6675,4.1,719.87,2.3938893946290563
2026-09-01,6.8625,4.2,719.87,2.3938893946290563
2026-10-01,7.28,4.2,719.87,1.7886937586606644
